{
  "prompt_v1_scores": {
    "faithfulness": 0.7298333333333333,
    "answer_relevancy": 0.8083345355157153,
    "context_recall": 0.74,
    "context_precision": 0.869999999916
  },
  "prompt_v2_scores": {
    "faithfulness": 0.5066717171717172,
    "answer_relevancy": 0.8796340843807829,
    "context_recall": 0.71,
    "context_precision": 0.8699999999150001
  },
  "target_met": false
}