{
  "prompt_v1_scores": {
    "faithfulness": 0.7609999999999999,
    "answer_relevancy": 0.8045378552432031,
    "context_recall": 0.68,
    "context_precision": 0.859999999916
  },
  "prompt_v2_scores": {
    "faithfulness": 0.6592380952380953,
    "answer_relevancy": 0.8160311475598724,
    "context_recall": 0.71,
    "context_precision": 0.859999999916
  },
  "target_met": false
}