{
  "prompt_v1_scores": {
    "faithfulness": 0.8516666666666667,
    "answer_relevancy": 0.7930402608885655,
    "context_recall": 0.7,
    "context_precision": 0.8599999999239999
  },
  "prompt_v2_scores": {
    "faithfulness": 0.6716190476190477,
    "answer_relevancy": 0.8146741392627068,
    "context_recall": 0.69,
    "context_precision": 0.8399999999259998
  },
  "target_met": true
}